City_ID,City,Country,Date,Lat,Lng,Max Temp,Humidity,Cloudiness,Wind Speed
0,Jamestown,US,2021-09-30 22:26:01,42.097,-79.2353,58.32,70,75,4.0
1,Narsaq,GL,2021-09-30 22:30:00,60.9167,-46.05,34.02,48,0,2.91
2,Havre-Saint-Pierre,CA,2021-09-30 22:30:00,50.2334,-63.5986,44.6,93,90,16.11
3,Zhob,PK,2021-09-30 22:30:01,31.3411,69.4481,74.28,60,0,4.12
4,Souillac,MU,2021-09-30 22:30:01,-20.5167,57.5167,72.36,78,75,13.8
5,Cidreira,BR,2021-09-30 22:30:03,-30.1811,-50.2056,65.46,79,100,26.11
6,Kassala,SD,2021-09-30 22:30:04,15.451,36.4,83.93,50,53,2.53
7,Abha,SA,2021-09-30 22:30:05,18.2164,42.5053,64.65,37,0,4.61
8,Kruisfontein,ZA,2021-09-30 22:30:06,-34.0033,24.7314,58.89,97,100,2.53
9,Penzance,GB,2021-09-30 22:30:07,50.1186,-5.5371,59.68,90,100,21.85
10,Dikson,RU,2021-09-30 22:30:07,73.5069,80.5464,32.95,88,100,23.58
11,Adrar,MR,2021-09-30 22:30:08,20.5022,-10.0711,91.13,11,3,4.76
12,Longyearbyen,SJ,2021-09-30 22:30:09,78.2186,15.6401,31.84,93,0,6.91
13,Goderich,CA,2021-09-30 22:30:10,43.7501,-81.7165,62.04,67,4,6.91
14,Busselton,AU,2021-09-30 22:30:10,-33.65,115.3333,61.09,88,69,17.45
15,Ndjole,GA,2021-09-30 22:30:11,-0.1783,10.7649,74.1,99,100,1.83
16,Havelock,US,2021-09-30 22:30:11,34.8791,-76.9013,75.43,66,20,4.61
17,Farafangana,MG,2021-09-30 22:30:11,-22.8167,47.8333,68.7,90,5,6.33
18,Hermanus,ZA,2021-09-30 22:30:04,-34.4187,19.2345,60.91,81,77,9.08
19,Viedma,AR,2021-09-30 22:30:12,-40.8135,-62.9967,56.62,28,12,2.93
20,Bambous Virieux,MU,2021-09-30 22:30:12,-20.3428,57.7575,72.21,78,75,13.8
21,Oranjemund,NA,2021-09-30 22:30:13,-28.55,16.4333,56.17,95,6,5.93
22,Chulym,RU,2021-09-30 22:30:13,55.0997,80.9572,34.34,94,96,6.71
23,Mongu,ZM,2021-09-30 22:30:13,-15.2484,23.1274,81.54,23,88,7.34
24,Aqtobe,KZ,2021-09-30 22:30:14,50.2797,57.2072,33.89,75,0,6.71
25,Port Alfred,ZA,2021-09-30 22:30:14,-33.5906,26.891,61.99,92,15,4.68
26,Lebu,CL,2021-09-30 22:30:15,-37.6167,-73.65,50.94,82,72,7.09
27,Carnarvon,AU,2021-09-30 22:30:15,-24.8667,113.6333,69.87,88,40,8.05
28,Tobol,KZ,2021-09-30 22:30:15,52.6844,62.5794,34.45,73,12,8.14
29,Hithadhoo,MV,2021-09-30 22:30:16,-0.6,73.0833,81.1,74,73,2.42
30,Qaanaaq,GL,2021-09-30 22:30:16,77.484,-69.3632,27.59,88,100,13.31
31,Nanortalik,GL,2021-09-30 22:30:17,60.1432,-45.2371,37.71,62,0,8.79
32,Puerto Del Rosario,ES,2021-09-30 22:30:17,28.5004,-13.8627,74.95,78,0,9.22
33,Phalodi,IN,2021-09-30 22:30:17,27.1333,72.3667,84.34,64,100,9.13
34,Klaksvik,FO,2021-09-30 22:30:18,62.2266,-6.589,49.12,86,98,18.52
35,Rio Claro,BR,2021-09-30 22:29:13,-22.4114,-47.5614,84.02,45,2,13.38
36,Mahebourg,MU,2021-09-30 22:30:18,-20.4081,57.7,72.25,78,75,13.8
37,Santander,ES,2021-09-30 22:30:19,43.4647,-3.8044,58.46,92,0,1.99
38,Iquique,CL,2021-09-30 22:30:19,-20.2208,-70.1431,62.64,80,14,4.94
39,Ponce,PR,2021-09-30 22:26:07,18.073,-66.6185,81.66,95,57,2.75
40,Port Elizabeth,ZA,2021-09-30 22:30:05,-33.918,25.5701,61.11,100,75,10.36
41,Belyy Yar,RU,2021-09-30 22:30:20,53.6039,91.3903,44.49,93,40,4.47
42,Lima,PE,2021-09-30 22:25:59,-12.0432,-77.0282,63.14,82,75,14.97
43,Staunton,US,2021-09-30 22:30:20,38.1496,-79.0717,74.17,55,1,5.75
44,Aranos,NA,2021-09-30 22:30:21,-24.1333,19.1167,64.17,14,41,11.65
45,Marsh Harbour,BS,2021-09-30 22:30:21,26.5412,-77.0636,81.12,73,10,15.46
46,Ushuaia,AR,2021-09-30 22:28:23,-54.8,-68.3,46.06,42,40,9.22
47,Ribeira Grande,PT,2021-09-30 22:30:22,38.5167,-28.7,71.89,84,13,2.04
48,Thompson,CA,2021-09-30 22:30:22,55.7435,-97.8558,66.36,37,20,3.44
49,Torrelavega,ES,2021-09-30 22:30:23,43.3494,-4.0479,58.8,95,71,3.0
50,Shirgaon,IN,2021-09-30 22:30:23,19.7,72.7,78.31,89,100,6.71
51,Kilindoni,TZ,2021-09-30 22:30:23,-7.9139,39.6668,77.31,76,15,12.75
52,Cape Town,ZA,2021-09-30 22:25:47,-33.9258,18.4232,61.12,70,0,9.71
53,Los Llanos De Aridane,ES,2021-09-30 22:30:24,28.6585,-17.9182,71.35,82,90,17.27
54,Namibe,AO,2021-09-30 22:30:24,-15.1961,12.1522,60.28,84,9,5.5
55,Vestmannaeyjar,IS,2021-09-30 22:30:25,63.4427,-20.2734,43.27,73,100,18.97
56,Cassilandia,BR,2021-09-30 22:26:49,-19.1133,-51.7342,88.41,29,55,1.99
57,Muros,ES,2021-09-30 22:30:25,42.7762,-9.0603,60.24,83,99,5.99
58,Sakakah,SA,2021-09-30 22:26:30,29.9697,40.2064,80.17,26,1,8.61
59,Shambu,ET,2021-09-30 22:30:26,9.5667,37.1,50.0,86,43,0.72
60,Honningsvag,NO,2021-09-30 22:30:26,70.9821,25.9704,46.22,77,13,15.17
61,Pailon,BO,2021-09-30 22:30:26,-17.65,-62.75,91.08,27,1,11.97
62,Bredasdorp,ZA,2021-09-30 22:30:27,-34.5322,20.0403,58.32,94,66,8.05
63,Ponta Do Sol,PT,2021-09-30 22:30:27,32.6667,-17.1,72.23,70,11,8.28
64,Loandjili,CG,2021-09-30 22:30:28,-4.7561,11.8578,78.91,83,75,10.36
65,Den Helder,NL,2021-09-30 22:30:28,52.9599,4.7593,58.98,75,90,25.99
66,Gbarnga,LR,2021-09-30 22:30:28,6.9956,-9.4722,71.17,100,63,2.01
67,Saint George,US,2021-09-30 22:26:50,37.1041,-113.5841,81.07,15,1,1.01
68,Mar Del Plata,AR,2021-09-30 22:28:58,-38.0023,-57.5575,59.88,61,90,8.99
69,Stornoway,GB,2021-09-30 22:30:29,58.2093,-6.3865,51.93,93,40,6.91
70,Bah,IN,2021-09-30 22:30:29,26.87,78.5975,79.74,76,11,4.63
71,Porto Velho,BR,2021-09-30 22:30:30,-8.7619,-63.9039,80.65,78,40,4.61
72,Molodizhne,UA,2021-09-30 22:30:31,48.1773,32.6601,42.48,52,1,7.7
73,Rincon,US,2021-09-30 22:26:02,32.296,-81.2354,84.38,71,75,6.91
74,Chuy,UY,2021-09-30 22:30:32,-33.6971,-53.4616,59.0,94,100,11.27
75,Puerto Leguizamo,CO,2021-09-30 22:30:33,-0.1934,-74.7819,76.08,86,78,2.24
76,Tole,UA,2021-09-30 22:30:34,44.7167,33.8167,46.9,64,2,8.46
77,Santiago Del Estero,AR,2021-09-30 22:25:35,-27.7951,-64.2615,84.81,30,0,8.79
78,Saint-Philippe,RE,2021-09-30 22:30:35,-21.3585,55.7679,71.15,80,49,12.06
79,Husavik,IS,2021-09-30 22:30:36,66.0449,-17.3389,42.71,83,100,16.44
80,Olenegorsk,RU,2021-09-30 22:30:36,68.15,33.3,41.07,84,98,4.03
81,Cayenne,GF,2021-09-30 22:28:19,4.9333,-52.3333,83.08,79,0,4.0
82,Puerto Colombia,CO,2021-09-30 22:30:37,10.9878,-74.9547,78.89,76,100,5.12
83,Gasa,PS,2021-09-30 22:30:37,31.5,34.4667,73.38,75,0,3.2
84,Tashla,RU,2021-09-30 22:30:38,51.7716,52.7427,39.06,61,7,5.23
85,Imbituba,BR,2021-09-30 22:30:38,-28.24,-48.6703,69.69,84,99,15.37
86,Watsa,CD,2021-09-30 22:30:39,3.0372,29.5355,62.31,99,93,2.51
87,Ootmarsum,DE,2021-09-30 22:30:39,52.4076,6.8969,56.59,74,100,18.61
88,Pisco,PE,2021-09-30 22:30:39,-13.7,-76.2167,66.25,77,0,19.57
89,Camacha,PT,2021-09-30 22:30:40,33.0833,-16.3333,69.22,68,40,13.8
90,Palma Soriano,CU,2021-09-30 22:30:40,20.2172,-75.9989,83.26,80,97,2.66
91,Maniitsoq,GL,2021-09-30 22:30:40,65.4167,-52.9,35.91,59,98,5.73
92,Nuuk,GL,2021-09-30 22:30:41,64.1835,-51.7216,34.41,64,20,9.22
93,Florianopolis,BR,2021-09-30 22:30:41,-27.6146,-48.5012,67.23,76,90,1.01
94,Umm Lajj,SA,2021-09-30 22:30:42,25.0213,37.2685,81.1,66,0,5.88
95,Punta Arenas,CL,2021-09-30 22:28:16,-53.15,-70.9167,44.71,49,0,20.71
96,Felanitx,ES,2021-09-30 22:30:42,39.4696,3.1483,70.95,73,100,2.1
97,Rafaela,AR,2021-09-30 22:30:42,-31.2503,-61.4867,67.05,57,24,8.99
98,Kudahuvadhoo,MV,2021-09-30 22:30:43,2.6708,72.8944,82.04,70,91,8.12
99,Nelidovo,RU,2021-09-30 22:30:43,56.2211,32.7774,37.33,96,86,4.25
100,Miraflores,MX,2021-09-30 22:30:44,19.2167,-98.8083,72.36,87,90,3.58
101,Korla,CN,2021-09-30 22:30:44,41.7597,86.1469,63.97,25,4,4.34
102,Antalaha,MG,2021-09-30 22:30:44,-14.9003,50.2788,68.18,83,24,5.79
103,Bongandanga,CD,2021-09-30 22:30:45,1.5,21.05,69.12,100,100,1.72
104,Pangnirtung,CA,2021-09-30 22:30:45,66.1451,-65.7125,28.4,100,90,3.44
105,Conakry,GN,2021-09-30 22:30:45,9.538,-13.6773,80.67,83,75,6.91
106,Viloco,BO,2021-09-30 22:30:46,-16.95,-67.55,50.49,68,24,6.44
107,Victoria,HK,2021-09-30 22:27:48,22.2855,114.1577,85.96,84,14,1.99
108,Hofn,IS,2021-09-30 22:30:46,64.2539,-15.2082,45.93,72,100,22.1
109,Praia Da Vitoria,PT,2021-09-30 22:30:47,38.7333,-27.0667,70.75,94,47,3.29
110,Tchamba,TG,2021-09-30 22:30:48,9.0333,1.4167,72.79,93,100,2.53
111,Boca Do Acre,BR,2021-09-30 22:30:48,-8.7522,-67.3978,76.24,80,41,1.39
112,Gat,IL,2021-09-30 22:30:01,31.61,34.7642,73.4,100,0,1.83
113,Clyde River,CA,2021-09-30 22:30:49,70.4692,-68.5914,33.94,73,100,4.14
114,Antofagasta,CL,2021-09-30 22:30:49,-23.65,-70.4,60.08,79,39,8.03
115,Mabaruma,GY,2021-09-30 22:30:50,8.2,-59.7833,77.0,85,100,3.89
116,Puerto Maldonado,PE,2021-09-30 22:30:50,-12.6,-69.1833,88.2,58,0,4.61
117,Exeter,GB,2021-09-30 22:30:50,50.7236,-3.5275,62.85,90,40,1.01
118,Hobyo,SO,2021-09-30 22:30:51,5.3505,48.5268,77.95,89,99,18.52
119,Manakara,MG,2021-09-30 22:30:51,-22.1333,48.0167,66.72,93,3,5.93
120,Mapiri,BO,2021-09-30 22:30:51,-15.25,-68.1667,72.3,80,77,1.95
121,Diego De Almagro,CL,2021-09-30 22:30:52,-26.3667,-70.05,67.73,25,0,5.79
122,Saldanha,ZA,2021-09-30 22:30:52,-33.0117,17.9442,57.25,88,0,9.42
123,Ambovombe,MG,2021-09-30 22:30:52,-25.1667,46.0833,68.67,90,4,3.47
124,Neringa,LT,2021-09-30 22:30:53,55.3719,21.0647,46.49,79,100,11.48
125,Rio Gallegos,AR,2021-09-30 22:30:53,-51.6226,-69.2181,48.25,34,20,14.97
126,Salalah,OM,2021-09-30 22:30:53,17.0151,54.0924,80.69,83,40,4.61
127,Mehamn,NO,2021-09-30 22:30:54,71.0357,27.8492,43.23,83,7,8.95
128,Santa Cruz,BO,2021-09-30 22:30:04,-17.8,-63.1667,89.65,48,20,16.11
129,Gazanjyk,TM,2021-09-30 22:30:54,39.2446,55.5154,57.52,43,18,14.36
130,Chesma,RU,2021-09-30 22:30:55,53.8111,60.6533,32.79,81,24,8.84
131,Pitimbu,BR,2021-09-30 22:30:55,-7.4706,-34.8086,77.59,83,16,10.27
132,Sumter,US,2021-09-30 22:30:55,28.7086,-82.0831,88.07,58,59,8.7
133,Port Said,EG,2021-09-30 22:30:56,31.2565,32.2841,76.08,72,0,10.47
134,Holme,DK,2021-09-30 22:30:56,56.1138,10.1725,51.75,90,68,19.04
135,Arraial Do Cabo,BR,2021-09-30 22:30:56,-22.9661,-42.0278,71.56,88,75,4.61
136,Tsabong,BW,2021-09-30 22:30:57,-26.0217,22.401,70.02,56,80,16.44
137,Eirunepe,BR,2021-09-30 22:30:57,-6.6603,-69.8736,76.15,83,100,1.9
138,Osterhofen,DE,2021-09-30 22:30:58,48.7,13.0167,49.95,67,71,3.98
139,Rochester,US,2021-09-30 22:29:07,43.1548,-77.6156,57.36,73,75,1.01
140,Georgetown,MY,2021-09-30 22:27:26,5.4112,100.3354,82.33,91,20,3.44
141,Saint-Joseph,RE,2021-09-30 22:30:58,-21.3667,55.6167,70.16,79,39,10.42
142,Maues,BR,2021-09-30 22:30:59,-3.3836,-57.7186,80.28,71,99,1.48
143,Saint Anthony,US,2021-09-30 22:30:59,45.0205,-93.218,82.33,63,1,4.61
144,Destin,US,2021-09-30 22:31:00,30.3935,-86.4958,84.4,68,75,6.91
145,Taoudenni,ML,2021-09-30 22:31:00,22.6783,-3.9836,92.86,9,54,9.4
146,Vytegra,RU,2021-09-30 22:31:00,61.0064,36.4481,45.36,89,100,3.62
147,Butka,RU,2021-09-30 22:31:01,56.7179,63.7866,39.24,97,100,10.0
148,Rio Branco,BR,2021-09-30 22:31:01,-9.9747,-67.81,81.21,74,40,0.0
149,Tasiilaq,GL,2021-09-30 22:31:02,65.6145,-37.6368,37.56,89,5,5.26
150,Faya,SA,2021-09-30 22:31:02,18.3851,42.4509,64.92,34,81,1.57
151,Hambantota,LK,2021-09-30 22:31:03,6.1241,81.1185,77.34,100,20,1.14
152,Ballina,AU,2021-09-30 22:31:03,-28.8667,153.5667,69.76,78,90,9.22
153,Ostrovnoy,RU,2021-09-30 22:31:03,68.0531,39.5131,42.84,87,100,4.7
154,Gambela,ET,2021-09-30 22:31:04,8.25,34.5833,69.44,94,79,4.7
155,Colesberg,ZA,2021-09-30 22:31:04,-30.72,25.0972,55.47,75,60,6.55
156,Roald,NO,2021-09-30 22:31:04,62.5833,6.1333,57.33,62,75,10.36
157,Plerin,FR,2021-09-30 22:31:05,48.5425,-2.7798,59.32,83,75,10.0
158,Coihaique,CL,2021-09-30 22:31:05,-45.5752,-72.0662,44.55,57,75,8.05
159,Aswan,EG,2021-09-30 22:31:06,24.0934,32.907,80.13,36,0,13.22
160,Richards Bay,ZA,2021-09-30 22:31:06,-28.783,32.0377,66.36,88,100,8.88
161,Iqaluit,CA,2021-09-30 22:29:53,63.7506,-68.5145,29.93,92,90,4.0
162,Tiznit,MA,2021-09-30 22:31:07,29.5833,-9.5,84.31,10,0,7.58
163,Dolores,AR,2021-09-30 22:28:23,-36.3132,-57.6792,56.35,98,100,2.53
164,Porto Santo,PT,2021-09-30 22:31:07,33.072,-16.3415,71.98,68,40,13.8
165,Jalu,LY,2021-09-30 22:31:07,29.0331,21.5482,74.64,62,22,9.93
166,Kangaatsiaq,GL,2021-09-30 22:31:08,68.3065,-53.4641,30.4,78,100,8.61
167,Solano,US,2021-09-30 22:31:08,38.2333,-121.9511,93.29,18,1,4.61
168,Olafsvik,IS,2021-09-30 22:31:09,64.8945,-23.7142,44.53,77,100,31.61
169,Uvat,RU,2021-09-30 22:31:09,59.1433,68.8953,35.58,87,100,12.73
170,Dingle,PH,2021-09-30 22:31:09,10.9995,122.6711,78.55,86,81,1.74
171,Laguna,US,2021-09-30 22:31:10,38.421,-121.4238,91.22,20,1,1.01
172,Mazamet,FR,2021-09-30 22:31:10,43.49,2.373,58.08,89,0,4.61
173,Rocha,UY,2021-09-30 22:31:10,-34.4833,-54.3333,57.34,96,100,9.57
174,Manicore,BR,2021-09-30 22:31:11,-5.8092,-61.3003,80.08,68,90,0.56
175,Morant Bay,JM,2021-09-30 22:31:11,17.8815,-76.4093,81.66,80,56,9.6
176,Capao Da Canoa,BR,2021-09-30 22:31:11,-29.7456,-50.0097,65.46,81,100,21.05
177,Lidkoping,SE,2021-09-30 22:31:12,58.5052,13.1577,52.32,94,94,12.06
178,Kochi,IN,2021-09-30 22:31:12,9.9399,76.2602,75.18,90,100,5.14
179,Upernavik,GL,2021-09-30 22:31:13,72.7868,-56.1549,32.22,78,100,13.42
180,Horta,PT,2021-09-30 22:28:55,38.5333,-28.6333,71.17,84,21,2.39
181,Chapais,CA,2021-09-30 22:31:13,49.7834,-74.8492,53.38,66,99,4.52
182,Vila Franca Do Campo,PT,2021-09-30 22:31:13,37.7167,-25.4333,71.2,89,69,2.51
183,Henties Bay,NA,2021-09-30 22:31:14,-22.116,14.2845,54.86,82,100,11.7
184,Skegness,GB,2021-09-30 22:31:14,53.1436,0.3363,59.77,87,100,21.39
185,Pudozh,RU,2021-09-30 22:31:14,61.8099,36.5345,45.19,91,100,2.75
186,Nouadhibou,MR,2021-09-30 22:31:15,20.931,-17.0347,73.38,78,1,17.27
187,Caravelas,BR,2021-09-30 22:31:15,-17.7125,-39.2481,74.8,83,3,8.75
188,Ust-Koksa,RU,2021-09-30 22:31:15,50.2696,85.6108,39.81,97,100,5.99
189,Nizwa,OM,2021-09-30 22:31:16,22.9333,57.5333,83.97,57,100,0.74
190,Sao Joao Da Barra,BR,2021-09-30 22:31:16,-21.6403,-41.0511,71.67,84,78,9.95
191,Mugango,TZ,2021-09-30 22:31:16,-1.6833,33.7,73.44,67,100,3.94
192,Duki,PK,2021-09-30 22:31:17,30.1541,68.5728,76.95,66,10,5.08
193,Kommunar,RU,2021-09-30 22:31:17,59.6206,30.39,44.13,94,24,5.5
194,Kizilskoye,RU,2021-09-30 22:31:17,52.7255,58.8937,33.87,71,3,6.4
195,Corinto,GR,2021-09-30 22:31:18,37.9407,22.9573,69.76,56,18,8.3
196,Benjamin Constant,BR,2021-09-30 22:31:18,-4.3831,-70.0311,80.65,74,40,11.5
197,Grindavik,IS,2021-09-30 22:31:18,63.8424,-22.4338,44.55,75,75,17.27
198,Taguatinga,BR,2021-09-30 22:31:19,-12.3857,-46.5711,86.65,33,86,3.09
199,Leo,BF,2021-09-30 22:31:19,11.1,-2.1,74.61,87,100,5.44
200,Aripuana,BR,2021-09-30 22:31:19,-9.1667,-60.6333,77.92,75,91,3.94
201,Shar,KZ,2021-09-30 22:31:20,49.5886,81.0453,40.82,80,65,15.28
202,Hamilton,US,2021-09-30 22:28:31,39.1834,-84.5333,79.11,54,1,0.0
203,Boundiali,CI,2021-09-30 22:31:20,9.5217,-6.4869,72.91,92,96,2.08
204,Abu Samrah,SY,2021-09-30 22:31:21,35.3029,37.1841,68.41,64,0,4.63
205,Ongole,IN,2021-09-30 22:30:25,15.5,80.05,80.67,82,24,5.1
206,Cururupu,BR,2021-09-30 22:31:21,-1.8283,-44.8683,75.56,89,85,3.18
207,Upington,ZA,2021-09-30 22:30:35,-28.4478,21.2561,62.98,23,100,1.14
208,Bagotville,AU,2021-09-30 22:31:22,-28.9833,153.4167,69.62,73,100,5.68
209,Ornskoldsvik,SE,2021-09-30 22:31:22,63.2909,18.7153,48.02,87,90,9.22
210,Baragua,CU,2021-09-30 22:31:22,21.6967,-78.6328,79.07,84,22,7.27
211,Veraval,IN,2021-09-30 22:31:23,20.9,70.3667,80.49,87,100,12.73
212,Dalaba,GN,2021-09-30 22:31:23,10.7,-12.25,62.4,94,36,4.16
213,Atbasar,KZ,2021-09-30 22:31:23,51.8,68.3333,37.71,73,79,9.37
214,Moyale,KE,2021-09-30 22:31:24,3.5167,39.0584,68.7,72,98,7.9
215,East London,ZA,2021-09-30 22:27:13,-33.0153,27.9116,63.36,91,45,4.63
216,Bonavista,CA,2021-09-30 22:31:25,48.6499,-53.1147,55.11,99,100,7.43
217,Santa Maria,BR,2021-09-30 22:31:25,-29.6842,-53.8069,65.5,94,75,11.5
218,Bara,NG,2021-09-30 22:31:25,10.3744,10.7288,76.87,77,44,4.59
219,Aklera,IN,2021-09-30 22:31:26,24.4167,76.5667,76.8,88,63,2.82
220,Ipora,BR,2021-09-30 22:31:26,-16.4419,-51.1178,84.74,38,65,1.28
221,Camana,PE,2021-09-30 22:31:26,-16.6228,-72.7111,62.82,84,18,5.57
222,Kambove,CD,2021-09-30 22:31:27,-10.8764,26.5969,71.22,40,60,2.46
223,Lamtah,TN,2021-09-30 22:31:27,35.6667,10.8833,74.97,64,20,14.97
224,Pathardi,IN,2021-09-30 22:31:27,19.1667,75.1833,73.63,88,40,6.67
225,Banfora,BF,2021-09-30 22:31:28,10.6333,-4.7667,75.34,87,93,2.48
226,Dakar,SN,2021-09-30 22:29:08,14.6937,-17.4441,84.33,79,20,4.61
227,Luderitz,NA,2021-09-30 22:31:28,-26.6481,15.1594,54.86,98,27,8.32
228,Kiruna,SE,2021-09-30 22:31:29,67.8557,20.2251,41.92,81,90,12.66
229,Sandy Bay,AU,2021-09-30 22:31:29,-42.913,147.3532,57.15,98,90,3.0
230,Saint-Pierre,RE,2021-09-30 22:31:29,-21.3393,55.4781,71.24,73,0,6.91
231,Voznesenye,RU,2021-09-30 22:31:30,61.0106,35.4781,46.04,83,100,4.68
232,Sao Raimundo Nonato,BR,2021-09-30 22:31:30,-9.0153,-42.6994,85.35,31,86,2.98
233,Kalabo,ZM,2021-09-30 22:31:31,-14.97,22.6814,76.6,34,49,4.65
234,Leh,IN,2021-09-30 22:31:31,34.1667,77.5833,54.64,37,0,3.8
235,Valparaiso,CL,2021-09-30 22:30:13,-33.0393,-71.6273,62.24,59,0,10.36
236,Filadelfia,US,2021-09-30 22:28:43,39.9523,-75.1638,66.94,52,75,3.0
237,Trelew,AR,2021-09-30 22:31:32,-43.249,-65.3051,58.91,17,66,22.37
238,Biltine,TD,2021-09-30 22:31:32,14.5333,20.9167,83.08,20,4,9.46
239,Acarau,BR,2021-09-30 22:30:06,-2.8856,-40.12,79.14,84,58,9.6
240,Arlit,NE,2021-09-30 22:31:33,18.7369,7.3853,89.1,10,40,10.38
241,Yar-Sale,RU,2021-09-30 22:31:33,66.8333,70.8333,33.93,89,92,20.27
242,Garmsar,IR,2021-09-30 22:31:33,35.2182,52.3409,74.1,34,17,5.19
243,Bengkulu,ID,2021-09-30 22:31:34,-3.8004,102.2655,74.17,88,100,3.8
244,Huarmey,PE,2021-09-30 22:31:34,-10.0681,-78.1522,66.81,79,65,9.1
245,Araouane,ML,2021-09-30 22:31:34,18.9048,-3.5265,90.81,36,66,14.29
246,Kensington,AU,2021-09-30 22:31:35,-33.9167,151.2167,64.71,83,0,5.75
247,Les Mureaux,FR,2021-09-30 22:31:35,49.0,1.9167,56.41,76,0,3.44
248,Kaliua,TZ,2021-09-30 22:31:36,-5.0606,31.7936,76.26,34,86,4.68
249,Soweto,ZA,2021-09-30 22:29:06,-26.2678,27.8585,61.77,81,100,14.41
250,Beloha,MG,2021-09-30 22:31:36,-25.1667,45.05,67.12,97,13,3.49
251,Goundam,ML,2021-09-30 22:31:36,16.4145,-3.6708,90.05,41,98,11.86
252,Tobermory,CA,2021-09-30 22:31:37,45.2501,-81.6665,53.31,64,1,1.34
253,Ishcherskaya,RU,2021-09-30 22:31:37,43.7153,45.1264,47.08,68,100,10.22
254,Aguadilla,PR,2021-09-30 22:31:37,18.4275,-67.1541,82.51,84,40,1.99
255,Quelimane,MZ,2021-09-30 22:31:38,-17.8786,36.8883,73.35,88,20,2.3
256,Nisia Floresta,BR,2021-09-30 22:31:38,-6.0911,-35.2086,79.18,85,7,10.11
257,Condega,NI,2021-09-30 22:31:38,13.365,-86.3985,88.99,77,3,2.59
258,Mont-De-Marsan,FR,2021-09-30 22:31:39,44.0,-0.6667,53.11,87,0,2.3
259,Otukpo,NG,2021-09-30 22:31:39,7.1913,8.1329,72.82,93,85,2.93
260,Pokhara,NP,2021-09-30 22:31:39,28.2333,83.9833,68.31,89,96,2.66
261,Saint-Ambroise,CA,2021-09-30 22:31:40,48.5501,-71.3324,51.4,66,88,9.22
262,Japura,ID,2021-09-30 22:31:40,-0.3167,102.35,73.58,92,100,3.09
263,Asyut,EG,2021-09-30 22:31:40,27.181,31.1837,77.56,47,0,14.67
264,Takoradi,GH,2021-09-30 22:31:41,4.8845,-1.7554,76.46,90,86,7.2
265,Sao Filipe,CV,2021-09-30 22:31:41,14.8961,-24.4956,79.59,77,88,6.11
266,Kigorobya,UG,2021-09-30 22:31:42,1.6162,31.3089,66.16,88,59,2.42
267,Santa Rosa,PH,2021-09-30 22:31:42,14.3122,121.1114,80.85,83,94,2.04
268,Bayir,TR,2021-09-30 22:31:42,37.2687,28.2167,59.52,52,0,5.06
269,Mulatupo,PA,2021-09-30 22:31:43,8.9492,-77.7652,79.12,83,93,2.19
270,Ratne,UA,2021-09-30 22:31:43,51.6683,24.5303,49.86,87,100,1.79
271,Dwarka,IN,2021-09-30 22:31:43,22.2394,68.9678,81.18,86,100,19.26
272,Lasa,IT,2021-09-30 22:31:44,46.6166,10.7002,56.03,91,63,1.7
273,San Cristobal,VE,2021-09-30 22:31:44,7.7669,-72.225,73.58,88,52,4.23
274,Port Blair,IN,2021-09-30 22:31:44,11.6667,92.75,80.96,83,63,8.28
275,Le Port,RE,2021-09-30 22:31:45,-20.9373,55.2919,71.56,78,9,6.24
276,Margate,GB,2021-09-30 22:31:45,51.3813,1.3862,61.11,75,100,5.99
277,Ourossogui,SN,2021-09-30 22:31:45,15.6064,-13.3211,87.8,70,0,2.3
278,Gubkin,RU,2021-09-30 22:31:46,51.2817,37.5458,41.9,80,5,4.21
279,Aksarka,RU,2021-09-30 22:31:46,66.5606,67.7975,34.23,83,86,14.03
280,Sorland,NO,2021-09-30 22:31:47,67.667,12.6934,51.69,71,74,9.13
281,Knysna,ZA,2021-09-30 22:31:47,-34.0363,23.0471,59.38,81,98,0.98
282,Shahreza,IR,2021-09-30 22:31:47,32.0339,51.8794,65.19,24,0,4.14
283,Uchiza,PE,2021-09-30 22:31:48,-8.4592,-76.4633,74.01,86,80,1.25
284,Oussouye,SN,2021-09-30 22:31:48,12.485,-16.5469,82.58,84,28,6.17
285,Kinsale,IE,2021-09-30 22:29:02,51.7075,-8.5306,56.57,88,75,17.27
286,Mogadishu,SO,2021-09-30 22:29:35,2.0371,45.3438,78.1,88,91,15.95
287,Mantua,IT,2021-09-30 22:31:49,45.1667,10.7833,68.27,80,55,5.99
288,Sumbe,AO,2021-09-30 22:31:49,-11.2061,13.8437,71.62,85,73,6.31
289,Taywarah,AF,2021-09-30 22:31:49,33.35,64.4167,53.87,20,1,4.34
290,Anloga,GH,2021-09-30 22:31:50,5.7947,0.8973,80.82,86,87,11.65
291,Gerash,IR,2021-09-30 22:31:50,27.6652,54.1371,80.08,25,90,4.14
292,Pimenta Bueno,BR,2021-09-30 22:31:50,-11.6725,-61.1936,79.32,70,81,4.16
293,Mega,ET,2021-09-30 22:31:51,4.05,38.3,61.7,74,94,13.76
294,Ilulissat,GL,2021-09-30 22:31:51,69.2167,-51.1,28.42,59,75,2.3
295,Konotop,UA,2021-09-30 22:31:52,51.2403,33.2026,41.79,70,22,5.93
296,Tete,MZ,2021-09-30 22:31:52,-16.1564,33.5867,78.44,57,0,10.71
297,Chastyye,RU,2021-09-30 22:31:52,57.2888,54.9728,42.22,97,100,5.14
298,Butembo,CD,2021-09-30 22:31:53,0.15,29.2833,57.13,95,87,2.42
299,Kingsport,US,2021-09-30 22:26:54,36.5484,-82.5618,83.32,49,75,1.01
300,Bandarbeyla,SO,2021-09-30 22:31:53,9.4942,50.8122,79.14,81,99,22.01
301,Torbay,CA,2021-09-30 22:31:53,47.6666,-52.7314,61.75,98,90,0.0
302,Rondonopolis,BR,2021-09-30 22:31:54,-16.4708,-54.6356,89.24,38,80,3.0
303,Comodoro Rivadavia,AR,2021-09-30 22:30:01,-45.8667,-67.5,48.06,71,0,10.36
304,Point Pedro,LK,2021-09-30 22:31:54,9.8167,80.2333,80.1,79,69,5.26
305,Breves,BR,2021-09-30 22:31:55,-1.6822,-50.4803,75.0,92,67,5.17
306,Grand Gaube,MU,2021-09-30 22:31:55,-20.0064,57.6608,72.37,74,30,7.0
307,Foligno,IT,2021-09-30 22:31:55,42.944,12.7011,65.98,80,14,5.01
308,Aras,ES,2021-09-30 22:31:56,42.5617,-2.356,54.01,82,0,0.0
309,Moshupa,BW,2021-09-30 22:31:56,-24.7782,25.4155,64.81,68,92,13.78
310,Pastavy,BY,2021-09-30 22:31:56,55.1168,26.8326,41.94,88,50,8.5
311,Kalmunai,LK,2021-09-30 22:31:57,7.4167,81.8167,78.58,84,100,2.24
312,Mizan Teferi,ET,2021-09-30 22:31:57,6.9833,35.5833,59.99,92,72,2.8
313,Sambava,MG,2021-09-30 22:31:57,-14.2667,50.1667,67.96,89,22,8.86
314,Kulhudhuffushi,MV,2021-09-30 22:31:58,6.6221,73.07,81.97,76,100,13.91
315,Bathsheba,BB,2021-09-30 22:31:58,13.2167,-59.5167,84.81,74,40,12.66
316,Ancud,CL,2021-09-30 22:31:58,-41.8697,-73.8203,51.33,63,12,4.88
317,Oksfjord,NO,2021-09-30 22:31:59,70.2396,22.3479,44.67,80,53,7.25
318,Viransehir,TR,2021-09-30 22:31:59,37.2353,39.7631,71.26,33,0,2.75
319,Nizhnyaya Omka,RU,2021-09-30 22:32:00,55.4338,74.9426,36.41,83,99,8.16
320,Morondava,MG,2021-09-30 22:32:00,-20.2833,44.2833,77.54,77,54,9.66
321,Besancon,FR,2021-09-30 22:32:00,47.2488,6.0182,50.14,100,26,2.48
322,Ergani,TR,2021-09-30 22:32:01,38.2653,39.7621,61.52,36,21,5.57
323,Kohlu,PK,2021-09-30 22:32:01,29.8962,69.252,75.54,65,4,1.61
324,Hurghada,EG,2021-09-30 22:32:01,27.2574,33.8129,80.1,51,0,21.59
325,Gornopravdinsk,RU,2021-09-30 22:32:02,60.05,69.9,33.75,89,96,10.45
326,Gunjur,GM,2021-09-30 22:32:02,13.2019,-16.7339,80.67,89,20,0.0
327,Kochubey,RU,2021-09-30 22:32:02,44.3861,46.5825,50.5,55,55,10.45
328,Paamiut,GL,2021-09-30 22:32:03,61.994,-49.6678,36.68,64,0,17.63
329,Salta,AR,2021-09-30 22:29:13,-24.7859,-65.4117,86.59,30,0,3.0
330,Alice Town,BS,2021-09-30 22:32:04,25.7167,-79.3,82.89,64,8,10.25
331,Winchester,GB,2021-09-30 22:32:04,51.0651,-1.3187,61.29,94,75,7.0
332,Naifaru,MV,2021-09-30 22:32:04,5.4444,73.3657,81.88,76,90,11.56
333,Vila Velha,BR,2021-09-30 22:32:05,-20.3297,-40.2925,75.15,73,90,10.36
334,Plettenberg Bay,ZA,2021-09-30 22:32:05,-34.0527,23.3716,59.77,87,100,1.5
335,Codrington,AU,2021-09-30 22:32:06,-38.2667,141.9667,56.44,96,99,20.07
336,Beysehir,TR,2021-09-30 22:32:06,37.6773,31.7246,51.75,73,44,5.08
337,Maeriste,RO,2021-09-30 22:32:07,47.3167,22.8,54.81,95,100,1.48
338,Adre,TD,2021-09-30 22:32:07,13.4667,22.2,76.87,27,1,10.29
339,Brigantine,US,2021-09-30 22:30:07,39.4101,-74.3646,68.0,60,75,5.75
340,Vila Do Maio,CV,2021-09-30 22:32:08,15.1333,-23.2167,79.59,75,72,7.76
341,Cockburn Town,TC,2021-09-30 22:28:46,21.4612,-71.1419,82.36,69,40,9.22
342,Cap Malheureux,MU,2021-09-30 22:32:08,-19.9842,57.6142,72.46,74,26,7.0
343,Nicolas Bravo,MX,2021-09-30 22:32:08,18.45,-88.9167,86.88,70,31,5.95
344,Campohermoso,ES,2021-09-30 22:32:09,36.9357,-2.1337,72.12,80,91,6.26
345,Rundu,NA,2021-09-30 22:32:09,-17.9333,19.7667,74.35,29,14,4.34
346,Maragogi,BR,2021-09-30 22:32:10,-9.0122,-35.2225,75.18,88,32,8.68
347,Kem,RU,2021-09-30 22:32:10,64.9555,34.5793,44.38,75,90,5.03
348,Bam,IR,2021-09-30 22:32:10,29.106,58.357,80.87,12,10,5.77
349,Qasigiannguit,GL,2021-09-30 22:32:11,68.8193,-51.1922,28.65,79,100,4.63
350,Talcahuano,CL,2021-09-30 22:32:11,-36.7167,-73.1167,55.08,58,75,9.22
351,Khuzdar,PK,2021-09-30 22:32:11,27.7384,66.6434,75.87,58,99,9.37
352,Wajir,KE,2021-09-30 22:32:12,1.7471,40.0573,76.73,69,99,16.08
353,Tabuk,PH,2021-09-30 22:32:12,17.4189,121.4443,76.51,90,94,2.19
354,Urengoy,RU,2021-09-30 22:31:19,65.9667,78.3667,32.36,95,100,14.32
355,Francofonte,IT,2021-09-30 22:32:13,37.2265,14.8806,70.84,100,40,1.14
356,Umtata,ZA,2021-09-30 22:32:13,-31.5889,28.7844,55.96,100,100,1.14
357,Port Maria,JM,2021-09-30 22:32:14,18.3685,-76.8895,82.02,81,61,6.6
358,Itanhandu,BR,2021-09-30 22:32:14,-22.2958,-44.9347,70.9,91,11,5.21
359,Kantunilkin,MX,2021-09-30 22:32:15,21.0917,-87.45,87.64,62,91,5.7
360,Sergeyevka,KZ,2021-09-30 22:32:15,53.88,67.4158,34.61,85,73,10.96
361,Bushenyi,UG,2021-09-30 22:32:16,-0.5853,30.2114,60.49,91,100,2.55
362,Teno,CL,2021-09-30 22:32:16,-34.8667,-71.1833,62.15,48,20,4.61
363,Paso De Carrasco,UY,2021-09-30 22:32:17,-34.8603,-56.0522,59.45,100,75,8.05
364,Balkanabat,TM,2021-09-30 22:32:17,39.5108,54.3671,62.38,42,17,8.03
365,Bouna,CI,2021-09-30 22:32:18,9.2667,-3.0,73.98,88,86,3.8
366,Parrsboro,CA,2021-09-30 22:32:19,45.4001,-64.332,57.65,79,84,3.0
367,Neuquen,AR,2021-09-30 22:29:15,-38.9516,-68.0591,64.29,25,0,18.41
368,Russas,BR,2021-09-30 22:32:19,-4.9403,-37.9758,79.48,73,82,11.3
369,Akonolinga,CM,2021-09-30 22:32:20,3.7667,12.25,67.98,99,100,2.71
370,Trinidad,BO,2021-09-30 22:32:20,-14.8333,-64.9,93.18,49,40,4.61
371,Thinadhoo,MV,2021-09-30 22:32:21,0.5333,72.9333,81.7,71,57,4.43
372,Qandala,SO,2021-09-30 22:32:21,11.472,49.8728,86.68,61,77,3.65
373,Mutis,CO,2021-09-30 22:32:21,6.2262,-77.4044,77.32,88,100,12.12
374,Guanica,PR,2021-09-30 22:32:22,17.9716,-66.908,83.08,81,68,3.0
375,Soyo,AO,2021-09-30 22:32:22,-6.1349,12.3689,75.72,82,100,7.52
376,Samana,DO,2021-09-30 22:32:22,19.2056,-69.3369,76.96,83,23,5.91
377,Trincomalee,LK,2021-09-30 22:32:23,8.5711,81.2335,78.53,85,100,9.1
378,Sarkand,KZ,2021-09-30 22:32:23,45.41,79.9186,46.74,93,100,7.05
379,Hudson,US,2021-09-30 22:32:23,40.7168,-74.0663,65.25,51,75,5.99
380,Bhadrachalam,IN,2021-09-30 22:32:24,17.6667,80.8833,75.31,96,93,0.78
381,Vardo,NO,2021-09-30 22:32:24,70.3705,31.1107,45.61,79,23,13.35
382,Mbandaka,CD,2021-09-30 22:32:24,0.0487,18.2603,69.57,98,92,4.18
383,Liverpool,GB,2021-09-30 22:32:25,53.4106,-2.9779,58.71,90,75,3.0
384,Maun,BW,2021-09-30 22:32:25,-19.9833,23.4167,78.76,34,0,6.91
385,Kautokeino,NO,2021-09-30 22:29:13,69.0125,23.0412,40.53,87,88,19.84
386,Iberia,US,2021-09-30 22:32:26,29.9502,-91.7507,75.2,100,75,4.61
387,Monrovia,LR,2021-09-30 22:29:55,6.3005,-10.7969,76.77,85,92,7.87
388,Santa Isabel Do Rio Negro,BR,2021-09-30 22:32:26,-0.4139,-65.0192,79.47,76,100,1.77
389,Severnyy,RU,2021-09-30 22:32:26,50.677,36.5532,41.04,75,0,6.71
390,Ziarat,PK,2021-09-30 22:32:27,30.3823,67.7282,59.0,80,20,1.88
391,Jadu,LY,2021-09-30 22:32:27,31.953,12.0261,62.65,86,0,2.62
392,Xuddur,SO,2021-09-30 22:32:27,4.1213,43.8894,72.46,76,84,11.97
393,Chiavari,IT,2021-09-30 22:32:28,44.3201,9.322,71.46,72,11,5.99
394,Mwinilunga,ZM,2021-09-30 22:32:28,-11.7358,24.4293,68.97,67,90,5.06
395,Tenenkou,ML,2021-09-30 22:32:29,14.4572,-4.9169,88.54,44,100,9.33
396,Matagami,CA,2021-09-30 22:32:29,49.7502,-77.6328,53.71,71,90,8.05
397,Channel-Port Aux Basques,CA,2021-09-30 22:32:29,47.5702,-59.1367,60.22,95,100,10.11
398,Arcachon,FR,2021-09-30 22:32:30,44.5875,-1.0519,53.92,87,0,2.3
399,Bilma,NE,2021-09-30 22:32:30,18.6853,12.9164,84.54,12,0,11.72
400,Maxixe,MZ,2021-09-30 22:32:30,-23.8597,35.3472,68.56,90,8,4.09
401,Sao Gabriel Da Cachoeira,BR,2021-09-30 22:32:31,-0.1303,-67.0892,77.86,84,100,2.24
402,Tahta,EG,2021-09-30 22:32:31,26.7693,31.5021,78.31,41,0,11.97
403,Visby,SE,2021-09-30 22:32:31,57.6409,18.296,55.85,76,40,19.57
404,Hvolsvollur,IS,2021-09-30 22:32:32,63.7533,-20.2243,41.13,71,100,18.21
405,Puerto Madryn,AR,2021-09-30 22:32:32,-42.7692,-65.0385,60.35,21,82,27.36
406,Kirkuk,IQ,2021-09-30 22:32:32,35.4681,44.3922,77.11,29,0,5.26
407,Port-Gentil,GA,2021-09-30 22:32:33,-0.7193,8.7815,78.76,83,75,13.8
408,Oranjestad,AW,2021-09-30 22:32:33,12.524,-70.027,87.75,80,20,7.0
409,Lubyany,RU,2021-09-30 22:32:33,56.0378,51.4,44.24,95,100,4.27
410,Ljubinje,BA,2021-09-30 22:32:34,42.9508,18.0886,63.23,83,1,6.15
411,Quatre Cocos,MU,2021-09-30 22:32:34,-20.2078,57.7625,72.09,77,36,14.14
412,Asfi,MA,2021-09-30 22:32:14,32.2994,-9.2372,73.08,68,12,7.9
413,Tutoia,BR,2021-09-30 22:32:35,-2.7619,-42.2744,78.93,86,31,8.5
414,Meulaboh,ID,2021-09-30 22:32:35,4.1363,96.1285,76.6,90,100,8.5
415,Saint-Georges,GD,2021-09-30 22:32:35,12.0564,-61.7485,83.88,79,40,6.91
416,Mindyak,RU,2021-09-30 22:32:36,54.0231,58.7891,27.32,93,17,5.17
417,Chor,PK,2021-09-30 22:32:36,25.5167,69.7667,82.33,79,100,10.2
418,San Jose,US,2021-09-30 22:28:02,37.3394,-121.895,91.36,20,1,1.99
419,La Rioja,ES,2021-09-30 22:32:37,42.25,-2.5,54.48,71,27,5.3
420,Wattegama,LK,2021-09-30 22:32:37,6.7989,81.4808,76.12,88,100,1.01
421,Oistins,BB,2021-09-30 22:32:37,13.0667,-59.5333,84.29,74,40,12.66
422,Bay Roberts,CA,2021-09-30 22:31:08,47.5999,-53.2648,62.51,96,100,1.01
423,Atar,MR,2021-09-30 22:32:38,20.5169,-13.0499,92.14,14,2,3.24
424,Bardiyah,LY,2021-09-30 22:32:38,31.7561,25.0865,73.74,69,0,13.42
425,Sinnamary,GF,2021-09-30 22:32:39,5.3833,-52.95,80.31,80,29,9.31
426,Puerto Baquerizo Moreno,EC,2021-09-30 22:32:39,-0.9,-89.6,72.59,83,75,14.97
427,Werda,BW,2021-09-30 22:32:39,-25.2667,23.2833,70.68,55,45,16.49
428,Mahibadhoo,MV,2021-09-30 22:32:40,3.7833,72.9667,82.11,70,99,9.6
429,Eura,FI,2021-09-30 22:32:40,61.1333,22.1333,47.98,75,100,10.76
430,Shache,CN,2021-09-30 22:32:41,38.4167,77.2406,65.25,19,0,8.39
431,Chaykovskiy,RU,2021-09-30 22:32:41,56.7686,54.1148,44.82,96,100,4.05
432,Lerwick,GB,2021-09-30 22:32:41,60.1545,-1.1494,53.6,89,100,10.38
433,Oeiras,BR,2021-09-30 22:32:42,-7.0253,-42.1311,89.94,28,94,2.17
434,Birin,NP,2021-09-30 22:32:42,26.8865,88.0718,60.78,89,97,2.66
435,New Kensington,US,2021-09-30 22:32:42,40.5698,-79.7648,67.62,66,3,1.99
436,Fuerte Olimpo,PY,2021-09-30 22:32:43,-21.0415,-57.8738,100.8,20,89,8.21
437,Diu,IN,2021-09-30 22:32:43,20.7141,70.9822,79.9,87,100,10.94
438,Skjervoy,NO,2021-09-30 22:32:43,70.0311,20.9714,47.55,75,67,11.1
439,Marawi,PH,2021-09-30 22:32:44,7.9986,124.2928,66.65,88,79,1.19
440,Escanaba,US,2021-09-30 22:32:44,45.7453,-87.0646,71.26,80,1,6.91
441,Dudinka,RU,2021-09-30 22:32:14,69.4058,86.1778,27.75,97,97,9.15
442,Itarema,BR,2021-09-30 22:32:45,-2.9248,-39.9167,79.3,83,54,10.56
443,De Aar,ZA,2021-09-30 22:32:45,-30.6497,24.0123,58.55,56,92,9.53
444,Harper,LR,2021-09-30 22:32:45,4.375,-7.7169,77.41,86,55,5.93
445,Ust-Tsilma,RU,2021-09-30 22:32:46,65.441,52.1498,37.69,82,100,1.99
446,Lagoa,PT,2021-09-30 22:32:46,39.05,-27.9833,70.38,86,58,4.92
447,Tingi,TZ,2021-09-30 22:32:46,-11.3,35.0333,70.5,51,79,8.05
448,Gazojak,TM,2021-09-30 22:32:47,41.1875,61.4036,48.34,50,29,14.0
449,Green Bay,US,2021-09-30 22:29:59,44.5192,-88.0198,79.48,69,1,1.99
450,Deder,ET,2021-09-30 22:32:48,9.3167,41.45,56.17,74,48,4.5
451,Terra Rica,BR,2021-09-30 22:32:48,-22.7094,-52.6169,87.93,30,73,5.01
452,Lampa,CL,2021-09-30 22:32:48,-33.2833,-70.9,65.23,45,0,13.8
453,Sistranda,NO,2021-09-30 22:32:49,63.7256,8.834,55.36,74,73,11.65
454,Boa Vista,BR,2021-09-30 22:32:49,2.8197,-60.6733,89.58,51,75,11.5
455,Rauma,FI,2021-09-30 22:32:50,61.1272,21.5113,48.24,79,100,15.39
456,Mansa,IN,2021-09-30 22:32:50,29.9833,75.3833,80.78,69,56,4.5
457,Warsaw,PL,2021-09-30 22:31:29,52.2298,21.0118,52.02,94,98,0.0
458,At-Bashi,KG,2021-09-30 22:32:50,41.1702,75.8106,48.02,55,69,1.83
459,Asaka,JP,2021-09-30 22:32:51,35.8047,139.6019,70.74,92,100,15.35
460,Minudasht,IR,2021-09-30 22:32:51,37.2289,55.3747,68.5,72,61,3.06
461,Manono,CD,2021-09-30 22:32:52,-7.3,27.4167,71.94,80,90,2.15
462,Raeren,BE,2021-09-30 22:32:52,50.6677,6.1168,51.8,78,100,9.51
463,Chivay,PE,2021-09-30 22:32:52,-15.6383,-71.6011,51.26,37,75,9.66
464,Brae,GB,2021-09-30 22:32:53,60.3964,-1.353,53.51,90,100,9.35
465,Mpika,ZM,2021-09-30 22:32:53,-11.8343,31.4529,65.46,47,3,6.2
466,Castro,BR,2021-09-30 22:30:35,-24.7911,-50.0119,63.01,77,48,10.49
467,Buxtehude,DE,2021-09-30 22:32:54,53.45,9.7,53.35,74,100,1.01
468,San Carlos De Bariloche,AR,2021-09-30 22:32:54,-41.1456,-71.3082,45.45,58,40,25.32
469,Road Town,VG,2021-09-30 22:27:57,18.4167,-64.6167,83.19,69,20,3.44
470,South Yarmouth,US,2021-09-30 22:32:54,41.6668,-70.1847,60.01,72,75,1.99
471,Najran,SA,2021-09-30 22:32:55,17.4924,44.1277,72.25,15,62,1.68
472,Carballo,ES,2021-09-30 22:32:55,43.213,-8.691,59.07,90,100,1.95
473,Finnsnes,NO,2021-09-30 22:31:02,69.2296,17.9811,44.35,84,93,4.34
474,Novyye Burasy,RU,2021-09-30 22:32:56,52.1324,46.0714,45.95,62,100,4.76
475,San Pedro,PH,2021-09-30 22:32:56,14.35,121.0167,80.1,87,75,2.3
476,Saquena,PE,2021-09-30 22:32:57,-4.6667,-73.5167,81.3,68,97,0.89
477,Lamu,KE,2021-09-30 22:32:57,-2.2717,40.902,77.22,85,95,15.39
478,Kayerkan,RU,2021-09-30 22:32:57,69.3497,87.7602,30.4,98,100,4.63
479,Nattam,IN,2021-09-30 22:32:58,10.2333,78.2333,73.72,90,100,4.36
480,Pafos,CY,2021-09-30 22:32:58,34.7667,32.4167,71.38,73,0,5.75
481,Itapirapua,BR,2021-09-30 22:32:58,-15.8233,-50.6133,86.94,40,68,6.44
482,Kalia,BD,2021-09-30 22:32:59,23.0396,89.6328,77.22,93,100,2.08
483,Shelburne,CA,2021-09-30 22:32:59,44.0787,-80.2041,57.13,75,0,6.24
484,Drnovice,CZ,2021-09-30 22:32:59,49.2763,16.9515,48.42,63,34,3.67
485,Beyneu,KZ,2021-09-30 22:33:00,45.3167,55.2,46.83,39,14,2.82
486,Alexandria,EG,2021-09-30 22:29:43,31.2156,29.9553,74.73,67,0,12.06
487,Mitsamiouli,KM,2021-09-30 22:33:00,-11.3847,43.2844,75.87,82,47,8.39
488,Juruti,BR,2021-09-30 22:33:01,-2.1522,-56.0922,83.08,59,97,3.65
489,Barreirinha,BR,2021-09-30 22:33:01,-2.7933,-57.07,80.33,69,99,2.55
490,Maceio,BR,2021-09-30 22:30:26,-9.6658,-35.7353,76.44,100,90,10.36
491,Khipro,PK,2021-09-30 22:33:02,25.8285,69.3772,82.67,76,100,7.72
492,Nador,MA,2021-09-30 22:33:02,35.174,-2.9287,70.05,88,0,2.3
493,Marakkanam,IN,2021-09-30 22:33:02,12.2,79.95,80.02,79,38,2.17
494,Pallasovka,RU,2021-09-30 22:33:03,50.05,46.8833,47.05,50,94,0.94
495,Kavaratti,IN,2021-09-30 22:33:03,10.5669,72.642,81.46,79,99,12.88
496,Teguldet,RU,2021-09-30 22:33:03,57.3064,88.1667,36.59,96,100,4.7
497,Calhoun,US,2021-09-30 22:33:04,42.2506,-85.0005,73.71,37,1,0.0
498,Axim,GH,2021-09-30 22:33:04,4.8699,-2.2405,76.87,89,85,6.49
499,Florence,IT,2021-09-30 22:33:04,43.7667,11.25,69.48,71,0,4.61
500,Ayagoz,KZ,2021-09-30 22:33:05,47.9714,80.4392,44.1,64,100,12.5
501,Inhambane,MZ,2021-09-30 22:33:05,-23.865,35.3833,69.53,88,7,4.92
502,Irece,BR,2021-09-30 22:33:06,-11.3042,-41.8558,83.77,30,69,11.56
503,Havoysund,NO,2021-09-30 22:33:06,70.9963,24.6622,41.88,80,37,10.31
504,Vilhena,BR,2021-09-30 22:33:07,-12.7406,-60.1458,72.1,82,86,6.29
505,Copiapo,CL,2021-09-30 22:33:07,-27.3667,-70.3333,56.89,33,1,4.34
506,Turiacu,BR,2021-09-30 22:33:07,-1.6633,-45.3717,75.25,90,99,3.94
507,Port-Cartier,CA,2021-09-30 22:33:08,50.0334,-66.8654,43.02,93,100,10.0
508,Bindura,ZW,2021-09-30 22:33:08,-17.3019,31.3306,62.2,74,0,2.89
509,Abnub,EG,2021-09-30 22:33:08,27.2696,31.1511,75.42,48,0,15.19
510,Aromashevo,RU,2021-09-30 22:33:09,56.8602,68.6375,36.86,74,99,10.22
511,Tevriz,RU,2021-09-30 22:33:09,57.509,72.4042,35.78,77,100,5.99
512,Pangody,RU,2021-09-30 22:33:09,65.85,74.4859,32.81,92,97,17.18
513,Maldonado,UY,2021-09-30 22:33:10,-34.6667,-54.9167,59.23,98,100,5.77
514,Acari,PE,2021-09-30 22:33:10,-15.4311,-74.6158,67.71,71,11,5.41
515,Bonthe,SL,2021-09-30 22:33:10,7.5264,-12.505,78.08,89,41,6.08
516,Inta,RU,2021-09-30 22:33:11,66.0317,60.1659,36.0,73,100,7.85
517,Uri,IN,2021-09-30 22:33:11,34.0833,74.0333,64.54,93,15,2.01
518,Sheffield,GB,2021-09-30 22:33:12,53.383,-1.4659,59.59,86,100,4.0
519,Kutum,SD,2021-09-30 22:33:12,14.2,24.6667,76.57,23,7,9.08
520,Vallenar,CL,2021-09-30 22:33:12,-28.5708,-70.7581,68.25,29,0,3.6
521,Normandin,CA,2021-09-30 22:33:13,48.8333,-72.5321,50.31,71,86,4.61
522,Surt,LY,2021-09-30 22:33:13,31.2089,16.5887,77.38,68,3,7.7
523,Tayga,RU,2021-09-30 22:32:12,56.06,85.6197,37.26,98,100,5.19
524,Tall Kayf,TR,2021-09-30 22:33:13,37.0833,41.0667,70.36,41,0,0.43
525,Villa Carlos Paz,AR,2021-09-30 22:33:14,-31.4241,-64.4978,67.39,42,3,5.01
526,Cabedelo,BR,2021-09-30 22:33:14,-6.9811,-34.8339,77.67,83,19,11.14
527,Tessalit,ML,2021-09-30 22:33:15,20.1986,1.0114,85.59,10,14,8.72
528,Sur,OM,2021-09-30 22:33:15,22.5667,59.5289,87.71,60,100,5.61
529,Tougan,BF,2021-09-30 22:33:15,13.0667,-3.0667,79.48,70,86,3.98
530,Bubaque,GW,2021-09-30 22:33:16,11.2833,-15.8333,82.53,78,15,10.89
531,Sarlat-La-Caneda,FR,2021-09-30 22:33:16,44.889,1.2166,49.53,70,3,1.74
532,Farsund,NO,2021-09-30 22:33:16,58.0948,6.8047,52.95,90,88,17.85
533,Malatya,TR,2021-09-30 22:33:17,38.5,38.0,57.25,41,0,9.22
534,Peniche,PT,2021-09-30 22:33:17,39.3558,-9.3811,65.73,90,99,13.94
535,Uvinza,TZ,2021-09-30 22:33:17,-5.1036,30.3911,72.66,60,73,2.44
536,Goiatuba,BR,2021-09-30 22:33:19,-18.0125,-49.3547,83.86,34,81,0.29
537,Novi Iskar,BG,2021-09-30 22:33:19,42.8,23.35,54.63,87,75,5.75
538,Awbari,LY,2021-09-30 22:33:19,26.5921,12.7805,74.93,34,2,8.48
539,Sagua De Tanamo,CU,2021-09-30 22:33:20,20.5819,-75.2414,78.24,86,96,4.79
540,Cerro De Pasco,PE,2021-09-30 22:33:20,-10.6833,-76.2667,40.57,80,92,8.03
541,Gumdag,TM,2021-09-30 22:33:20,39.2061,54.5906,58.71,41,4,22.68
542,Riberalta,BO,2021-09-30 22:33:21,-10.9833,-66.1,93.4,49,75,6.91
543,Mbulu,TZ,2021-09-30 22:33:21,-3.85,35.5333,56.79,89,93,12.3
544,Gambo,CF,2021-09-30 22:33:21,4.6482,22.2633,69.84,99,100,1.14
545,Visnes,NO,2021-09-30 22:33:22,59.3556,5.2242,55.22,82,98,16.11
546,Camopi,GF,2021-09-30 22:33:22,3.1655,-52.3158,78.06,75,100,4.72
547,Campbellton,CA,2021-09-30 22:33:22,48.0075,-66.6727,45.86,93,100,5.08
548,Tuim,RU,2021-09-30 22:33:23,54.3417,89.9261,39.78,93,100,3.89
549,Pedernales,DO,2021-09-30 22:33:23,18.0384,-71.744,82.02,74,21,2.44
550,Taltal,CL,2021-09-30 22:30:20,-25.4,-70.4833,61.57,72,23,3.56
551,Danielskuil,ZA,2021-09-30 22:33:24,-28.1887,23.5395,58.77,80,81,7.99
552,Buchanan,LR,2021-09-30 22:33:24,5.8808,-10.0467,76.96,86,98,5.28
553,Geraldton,AU,2021-09-30 22:33:24,-28.7667,114.6,64.81,94,75,10.36
554,Dawlatabad,AF,2021-09-30 22:33:25,36.4141,64.9053,60.69,46,3,5.28
555,Bure,ET,2021-09-30 22:33:25,10.7,37.0667,54.57,92,25,4.29
556,Erechim,BR,2021-09-30 22:33:25,-27.6342,-52.2739,71.64,89,60,5.97
557,Nioro,GM,2021-09-30 22:33:26,13.35,-15.75,76.32,91,39,5.37
558,Nyakahanga,TZ,2021-09-30 22:33:26,-1.6033,31.1414,62.53,72,21,2.35
559,Muravlenko,RU,2021-09-30 22:33:26,63.7898,74.523,32.0,97,100,18.01
560,Kisangani,CD,2021-09-30 22:33:27,0.5167,25.2,70.39,99,100,2.46
561,Divnomorskoye,RU,2021-09-30 22:33:27,44.5011,38.1353,50.79,65,87,21.3
562,Kismayo,SO,2021-09-30 22:33:27,-0.3582,42.5454,76.68,87,95,15.86
563,Terracina,IT,2021-09-30 22:33:28,41.2863,13.2217,73.9,70,40,4.14
564,Benguela,AO,2021-09-30 22:33:28,-12.5763,13.4055,71.01,80,83,5.91
